x,y,z
0.829503,-5.185326,-0.069274
0.829509,-5.185404,-0.069256
0.829481,-5.185107,-0.069303
0.829488,-5.18507,-0.069286
0.829482,-5.185252,-0.069298
0.829457,-5.185259,-0.069316
0.82941,-5.185248,-0.069356
0.829379,-5.185247,-0.069379
0.829374,-5.185184,-0.069361
0.829409,-5.185157,-0.069321
0.829429,-5.185089,-0.0693
0.829434,-5.185081,-0.069301
0.829421,-5.18513,-0.069318
0.829422,-5.18513,-0.069351
0.829397,-5.185152,-0.069385
0.829386,-5.185152,-0.069395
0.829369,-5.185157,-0.069411
0.829335,-5.185179,-0.069426
0.829285,-5.185166,-0.069461
0.829247,-5.185143,-0.069462
0.829294,-5.18515,-0.069454
0.829363,-5.185183,-0.069449
0.829397,-5.185186,-0.069455
0.829429,-5.185183,-0.069474
0.82945,-5.18516,-0.069493
0.829494,-5.185156,-0.0695
0.829565,-5.185153,-0.069498
0.829569,-5.185161,-0.069498
0.829524,-5.185169,-0.069494
0.829491,-5.185153,-0.069488
0.829465,-5.185131,-0.069515
0.829445,-5.185144,-0.069528
0.829412,-5.185149,-0.06954
0.829391,-5.185161,-0.069562
0.829371,-5.185206,-0.069625
0.829386,-5.185224,-0.069676
0.829438,-5.185206,-0.069619
0.829446,-5.185235,-0.069627
0.829432,-5.185252,-0.069612
0.829426,-5.185255,-0.069613
0.829433,-5.18529,-0.06964
0.829442,-5.185287,-0.069676
0.829441,-5.185273,-0.06969
0.829778,-5.184683,-0.069743
0.836739,-5.172231,-0.067221
0.864826,-5.173794,-0.066749
0.84633,-5.165329,-0.064394
0.866885,-5.166508,-0.070528
0.85219,-5.169858,-0.072952
0.856632,-5.170282,-0.074485
0.855993,-5.171059,-0.075391
0.854588,-5.172165,-0.076022
0.855843,-5.172967,-0.077166
0.854948,-5.173356,-0.076519
0.85607,-5.173237,-0.075499
0.857614,-5.172698,-0.074612
0.857254,-5.171928,-0.073669
0.856591,-5.171644,-0.073611
0.856435,-5.171392,-0.073213
0.856401,-5.171064,-0.073067
0.85612,-5.171311,-0.072901
0.855787,-5.17113,-0.072996
0.85621,-5.171213,-0.073067
0.856037,-5.171075,-0.073111
0.855753,-5.171058,-0.073184
0.85592,-5.171103,-0.073213
0.855897,-5.170815,-0.07321
0.855727,-5.170676,-0.073139
0.855673,-5.170891,-0.073184
0.85548,-5.170707,-0.07313
0.855441,-5.170565,-0.073028
0.85557,-5.170701,-0.073181
0.855537,-5.170802,-0.073195
0.855539,-5.170627,-0.073141
0.855644,-5.170537,-0.073074
0.855485,-5.170694,-0.073069
0.855331,-5.170813,-0.073094
0.855357,-5.170833,-0.073106
0.855312,-5.170772,-0.073105
0.855225,-5.170861,-0.073136
0.855302,-5.170843,-0.073133
0.855308,-5.170716,-0.073143
0.855251,-5.17066,-0.073136
0.855319,-5.170778,-0.073153
0.85537,-5.170778,-0.073129
0.855374,-5.170691,-0.073099
0.855352,-5.170781,-0.073111
0.855375,-5.170937,-0.073221
0.855428,-5.170789,-0.073203
0.855465,-5.170722,-0.073169
0.855495,-5.170806,-0.073132
0.855411,-5.170883,-0.073144
0.855384,-5.17088,-0.073161
0.85535,-5.170786,-0.073174
0.855309,-5.170825,-0.073197
0.855334,-5.170781,-0.073183
0.855371,-5.170727,-0.073174
0.855338,-5.170744,-0.073172
0.855394,-5.170865,-0.073183
0.855421,-5.170859,-0.073187
0.855364,-5.170783,-0.073201
0.855314,-5.170817,-0.073218
0.855291,-5.170879,-0.073219
0.855269,-5.170795,-0.073172
0.855195,-5.1707,-0.073113
0.855128,-5.170753,-0.073105
0.855095,-5.170756,-0.073111
0.855071,-5.170694,-0.073112
0.854998,-5.170649,-0.073118
0.854915,-5.170737,-0.073149
0.854909,-5.170778,-0.073183
0.85499,-5.170716,-0.073181
0.855022,-5.170682,-0.073177
0.85506,-5.170743,-0.073198
0.855112,-5.170777,-0.073162
0.855152,-5.170764,-0.073107
0.855114,-5.170757,-0.073077
0.855114,-5.170787,-0.073076
0.85512,-5.170754,-0.073082
0.855128,-5.170714,-0.073049
0.855164,-5.170783,-0.073062
0.85521,-5.170849,-0.073065
0.85522,-5.170815,-0.073026
0.855214,-5.170761,-0.073012
0.855172,-5.170821,-0.072994
0.855162,-5.170829,-0.072956
0.85518,-5.170796,-0.072897
0.855243,-5.17074,-0.072872
0.855288,-5.170748,-0.07282
0.855352,-5.170768,-0.072822
0.855403,-5.170728,-0.072807
0.85547,-5.170803,-0.07274
0.85549,-5.170836,-0.072726
0.855525,-5.170854,-0.072717
0.855525,-5.170815,-0.072704
0.855535,-5.170805,-0.072698
0.855559,-5.170754,-0.072679
0.855569,-5.170731,-0.072649
0.855576,-5.170766,-0.072619
0.855596,-5.170794,-0.072564
0.855552,-5.17082,-0.072566
0.855519,-5.170796,-0.072544
0.855468,-5.170811,-0.07251
0.855458,-5.170809,-0.072487
0.85558,-5.170748,-0.072492
0.855587,-5.170769,-0.072455
0.855572,-5.170791,-0.072439
0.855565,-5.170776,-0.07242
0.855567,-5.17079,-0.072429
0.855572,-5.170871,-0.07245
0.855548,-5.170877,-0.072454
0.855529,-5.170877,-0.072482
0.855471,-5.17087,-0.072511
0.855441,-5.170861,-0.072529
0.855442,-5.170825,-0.072537
0.85543,-5.170792,-0.072537
0.855429,-5.170784,-0.072519
0.855437,-5.170715,-0.072488
0.855444,-5.17073,-0.0725
0.85543,-5.170696,-0.072501
0.855447,-5.170688,-0.072503
0.855513,-5.170691,-0.072484
0.855505,-5.170693,-0.072442
0.855473,-5.17069,-0.072435
0.855461,-5.170744,-0.072436
0.855449,-5.170743,-0.072437
0.855402,-5.170711,-0.07244
0.855365,-5.170707,-0.072429
0.855313,-5.170671,-0.072438
0.855275,-5.17066,-0.072433
0.855284,-5.170691,-0.072402
0.855266,-5.170724,-0.072393
0.855232,-5.170728,-0.072399
0.85525,-5.170728,-0.072389
0.855263,-5.170774,-0.072379
0.855288,-5.170811,-0.072363
0.855277,-5.17083,-0.072349
0.855256,-5.17081,-0.072345
0.855254,-5.170803,-0.072343
0.855278,-5.170802,-0.072314
0.855269,-5.170754,-0.072335
0.855265,-5.170723,-0.072343
0.855277,-5.170695,-0.072339
0.855316,-5.170696,-0.072337
0.847233,-5.177173,-0.073379
0.82113,-5.184426,-0.07197
0.809341,-5.193392,-0.070673
0.779723,-5.212618,-0.072341
0.762311,-5.220962,-0.070267
0.744383,-5.219216,-0.066899
0.71003,-5.224764,-0.065294
0.696711,-5.223776,-0.063454
0.681508,-5.22531,-0.062589
0.651097,-5.220307,-0.062199
0.622001,-5.202969,-0.068636
0.603762,-5.195816,-0.077631
0.583209,-5.179957,-0.083876
0.589221,-5.183502,-0.083191
0.604314,-5.153155,-0.087775
0.598098,-5.111803,-0.091334
0.594009,-5.131277,-0.094549
0.62687,-5.116589,-0.091023
0.628518,-5.083733,-0.09077
0.627184,-5.090477,-0.090775
0.636437,-5.076055,-0.088184
0.643587,-5.095578,-0.08906
0.660311,-5.084651,-0.084531
0.628479,-5.007153,-0.094192
0.59632,-4.929607,-0.097957
0.598604,-4.893289,-0.09834
0.607538,-4.870251,-0.100595
0.630715,-4.875611,-0.094787
0.641451,-4.867351,-0.09566
0.653993,-4.867879,-0.096877
0.645395,-4.883212,-0.099819
0.680223,-4.896167,-0.099395
0.679044,-4.898678,-0.100488
0.711391,-4.924738,-0.103081
0.709513,-4.958978,-0.10048
0.719987,-4.961837,-0.104091
0.72895,-4.997062,-0.104
0.7157,-5.005542,-0.102079
0.731895,-5.040553,-0.103351
0.724332,-5.090515,-0.098017
0.71003,-5.095539,-0.096589
0.703717,-5.119154,-0.095265
0.688926,-5.136327,-0.093099
0.667623,-5.143476,-0.093141
0.633327,-5.156559,-0.09215
0.620866,-5.166585,-0.097438
0.601956,-5.179562,-0.10176
0.629043,-5.173969,-0.109838
0.620904,-5.167966,-0.114007
0.630339,-5.168797,-0.117531
0.628875,-5.169729,-0.120386
0.629214,-5.172084,-0.123
0.631777,-5.175712,-0.126593
0.631937,-5.17948,-0.127762
0.627863,-5.178827,-0.122006
0.626969,-5.177426,-0.119937
0.624258,-5.176444,-0.117998
0.624286,-5.174879,-0.11853
0.625347,-5.173956,-0.11793
0.624241,-5.172773,-0.116885
0.623306,-5.172266,-0.116747
0.623957,-5.171309,-0.116465
0.623853,-5.170708,-0.116385
0.622716,-5.170717,-0.116222
0.623142,-5.170122,-0.116679
0.623791,-5.13286,-0.114942
0.610847,-5.09487,-0.113435
0.603075,-5.042235,-0.114118
0.59875,-4.977805,-0.112631
0.601878,-4.933588,-0.110497
0.600061,-4.870486,-0.109433
0.584943,-4.800021,-0.108594
0.584619,-4.740558,-0.107816
0.579961,-4.659306,-0.109044
0.560923,-4.582076,-0.107574
0.584076,-4.511773,-0.107732
0.571231,-4.448016,-0.108217
0.587474,-4.38214,-0.112299
0.580925,-4.302129,-0.112152
0.585077,-4.227792,-0.112191
0.595286,-4.193448,-0.107943
0.592517,-4.221526,-0.113872
0.589692,-4.218785,-0.114657
0.594262,-4.215771,-0.114012
0.595279,-4.216528,-0.115238
0.595576,-4.215161,-0.115679
0.596748,-4.215622,-0.11565
0.598814,-4.215281,-0.114646
0.597006,-4.215156,-0.114426
0.597906,-4.214847,-0.114848
0.59679,-4.214395,-0.113877
0.594661,-4.214953,-0.113886
0.596245,-4.212776,-0.116958
0.599276,-4.210396,-0.119591
0.600403,-4.208386,-0.120596
0.601914,-4.2068,-0.120977
0.603033,-4.205646,-0.120946
0.603375,-4.203398,-0.120553
0.604046,-4.201571,-0.119889
0.605008,-4.199051,-0.119143
0.598164,-4.198169,-0.119985
0.591489,-4.201136,-0.121204
0.588197,-4.204659,-0.121613
0.586808,-4.207821,-0.121674
0.586113,-4.211143,-0.120975
0.586356,-4.212142,-0.120446
0.586372,-4.212626,-0.11987
0.586547,-4.213078,-0.119417
0.586919,-4.213351,-0.118943
0.587039,-4.213697,-0.118653
0.587206,-4.213842,-0.118374
0.58728,-4.213877,-0.118196
0.587408,-4.214021,-0.118
0.587448,-4.213922,-0.117828
0.587502,-4.214034,-0.117669
0.587493,-4.214098,-0.117532
0.587409,-4.214134,-0.11736
0.587433,-4.21423,-0.117225
0.587479,-4.214193,-0.117091
0.587415,-4.214211,-0.116999
0.587357,-4.214249,-0.116962
0.587391,-4.214213,-0.116914
0.587408,-4.214211,-0.116855
0.587368,-4.214118,-0.11681
0.587418,-4.21408,-0.116733
0.589365,-4.210135,-0.116279
0.597685,-4.20445,-0.115344
0.611596,-4.203135,-0.112064
0.635088,-4.194214,-0.111106
0.619953,-4.188484,-0.112863
0.627973,-4.189836,-0.114323
0.630549,-4.19091,-0.114532
0.629272,-4.196997,-0.113131
0.631103,-4.199387,-0.112655
0.631684,-4.199469,-0.111057
0.637016,-4.221057,-0.107275
0.651085,-4.283985,-0.107906
0.656121,-4.36581,-0.107954
0.653723,-4.449888,-0.104462
0.661551,-4.531771,-0.106372
0.644672,-4.639127,-0.108258
0.663134,-4.733281,-0.113204
0.670296,-4.814956,-0.1085
0.664941,-4.802061,-0.103958
0.650937,-4.775587,-0.099588
0.662489,-4.782245,-0.099584
0.661527,-4.777232,-0.097972
0.66219,-4.779351,-0.098245
0.664171,-4.780132,-0.098744
0.664138,-4.780093,-0.097849
0.666142,-4.782998,-0.099469
0.665121,-4.783684,-0.101163
0.663692,-4.780643,-0.100276
0.631269,-4.796912,-0.093869
0.654323,-4.860984,-0.09194
0.61793,-4.999182,-0.098638
0.654035,-5.149014,-0.099136
0.640382,-5.276643,-0.102385
0.637244,-5.419705,-0.11065
0.647023,-5.546862,-0.120579
0.649713,-5.678472,-0.129045
0.645531,-5.812225,-0.139108
0.648551,-5.93152,-0.149484
0.663669,-6.046612,-0.158038
0.641033,-6.163391,-0.16209
0.654002,-6.287769,-0.167495
0.666793,-6.387959,-0.171982
0.65029,-6.507228,-0.175977
0.634767,-6.667709,-0.183879
0.603073,-6.788806,-0.182
0.59511,-6.825301,-0.183002
0.621714,-6.913316,-0.176476
0.650425,-6.921071,-0.164346
0.65949,-6.947357,-0.163943
0.757538,-6.985266,-0.167354
0.750086,-6.98621,-0.162836
0.778181,-6.964584,-0.148923
0.819287,-7.009802,-0.148385
0.942615,-7.120406,-0.150496
1.14256,-7.221249,-0.162379
1.32888,-7.236683,-0.172402
1.385142,-7.300145,-0.170225
1.509212,-7.364397,-0.170509
1.649307,-7.432077,-0.179762
1.769731,-7.526093,-0.183807
1.856754,-7.585563,-0.178571
1.959599,-7.630745,-0.175385
2.045976,-7.696218,-0.171265
2.160355,-7.77996,-0.1681
2.256052,-7.84106,-0.168353
2.304234,-7.907273,-0.169392
2.337933,-7.953496,-0.168494
2.380192,-8.034092,-0.176828
2.386764,-8.133772,-0.182851
2.46493,-8.254334,-0.192138
2.512706,-8.36907,-0.200743
2.544986,-8.452831,-0.201919
2.540125,-8.44294,-0.19806
2.533485,-8.435838,-0.193254
2.52943,-8.429912,-0.187086
2.518948,-8.425213,-0.181107
2.51744,-8.422912,-0.178447
2.515001,-8.423243,-0.175622
2.516219,-8.425584,-0.173776
2.516745,-8.428479,-0.172901
2.518798,-8.433306,-0.173182
2.518932,-8.436918,-0.175328
2.520047,-8.442602,-0.175638
2.521168,-8.446342,-0.175975
2.52107,-8.447074,-0.175998
2.521591,-8.449269,-0.175878
2.521535,-8.449781,-0.176018
2.521803,-8.450935,-0.175917
2.52175,-8.451345,-0.175881
2.521932,-8.451858,-0.175764
2.52246,-8.452349,-0.175778
2.522552,-8.452502,-0.175726
2.522696,-8.45279,-0.175651
2.522539,-8.45277,-0.175572
2.522537,-8.452964,-0.175545
2.522479,-8.452999,-0.175591
2.522548,-8.453065,-0.175566
2.522801,-8.453222,-0.175604
2.522933,-8.453039,-0.175691
2.521316,-8.452016,-0.175264
2.526543,-8.460713,-0.173387
2.552828,-8.509281,-0.167326
2.563067,-8.622514,-0.1774
2.648018,-8.764003,-0.185393
2.662444,-8.856683,-0.186385
2.721959,-8.977238,-0.191183
2.765649,-9.11694,-0.194542
2.795755,-9.247627,-0.199173
2.84415,-9.374875,-0.209964
2.880163,-9.494224,-0.219722
2.910834,-9.620347,-0.224011
2.956126,-9.734952,-0.228066
2.983359,-9.860525,-0.23197
3.02867,-9.984081,-0.236059
3.065318,-10.096466,-0.237971
3.094639,-10.189841,-0.23852
3.137151,-10.289307,-0.240871
3.160058,-10.390411,-0.237122
3.21992,-10.472186,-0.235597
3.254662,-10.566025,-0.236061
3.287179,-10.671982,-0.238018
3.346534,-10.760036,-0.241568
3.394832,-10.870652,-0.244222
3.441432,-10.978565,-0.247308
3.496045,-11.074975,-0.252305
3.53437,-11.17655,-0.254808
3.588388,-11.294327,-0.260406
3.646129,-11.408709,-0.265294
3.689716,-11.512821,-0.268512
3.737901,-11.612837,-0.267534
3.793096,-11.72125,-0.268648
3.845664,-11.83774,-0.268297
3.899741,-11.949808,-0.269385
3.95055,-12.065492,-0.271608
4.000563,-12.159035,-0.274898
4.038015,-12.241055,-0.278192
4.097029,-12.352777,-0.285894
4.148559,-12.444977,-0.288616
4.193171,-12.552482,-0.294582
4.231266,-12.651663,-0.298262
4.276647,-12.755249,-0.305075
4.325885,-12.861244,-0.314295
4.371514,-12.980793,-0.315293
4.437369,-13.070946,-0.318823
4.482258,-13.183998,-0.320869
4.560099,-13.303943,-0.32512
4.619583,-13.422637,-0.32675
4.691019,-13.554392,-0.329631
4.740518,-13.654913,-0.329691
4.795112,-13.76302,-0.331801
4.844343,-13.855369,-0.327795
4.88911,-13.955823,-0.322978
4.929471,-14.068526,-0.323035
4.980301,-14.191405,-0.33096
5.026399,-14.295259,-0.333432
5.089227,-14.433448,-0.336055
5.149799,-14.536022,-0.334659
5.192421,-14.629729,-0.333233
5.25145,-14.746119,-0.33748
5.32049,-14.840922,-0.335767
5.380119,-14.958632,-0.34004
5.446232,-15.081123,-0.346705
5.499192,-15.180953,-0.350371
5.546865,-15.289448,-0.356056
5.603441,-15.400031,-0.362058
5.658027,-15.507578,-0.368829
5.716096,-15.610695,-0.377337
5.773418,-15.716135,-0.38546
5.825361,-15.816211,-0.393173
5.866101,-15.905278,-0.396981
5.923772,-16.005249,-0.403551
5.969335,-16.110245,-0.407943
6.015429,-16.199818,-0.409187
6.061219,-16.298544,-0.414647
6.113381,-16.406982,-0.419635
6.164705,-16.506899,-0.421273
6.217824,-16.616379,-0.424311
6.272284,-16.722622,-0.424303
6.31564,-16.829979,-0.427993
6.364765,-16.937529,-0.434626
6.414651,-17.019669,-0.439171
6.459537,-17.131252,-0.443723
6.491946,-17.229198,-0.44388
6.543507,-17.343885,-0.445664
6.587229,-17.442942,-0.447387
6.647859,-17.541307,-0.450317
6.704488,-17.658489,-0.451032
6.760852,-17.767879,-0.451024
6.821208,-17.879366,-0.453085
6.889739,-18.012365,-0.458417
6.940075,-18.111645,-0.457563
6.998334,-18.219061,-0.461621
7.057898,-18.333021,-0.464686
7.122005,-18.459267,-0.468966
7.177796,-18.571169,-0.472418
7.231408,-18.691334,-0.476834
7.291106,-18.821028,-0.485099
7.342751,-18.925201,-0.492626
7.392251,-19.031445,-0.499601
7.458076,-19.148302,-0.503815
7.510765,-19.268148,-0.506196
7.563502,-19.37059,-0.507207
7.614489,-19.466934,-0.508993
7.667235,-19.580193,-0.511654
7.727332,-19.701313,-0.511051
7.787335,-19.822891,-0.510702
7.839352,-19.938618,-0.508454
7.905662,-20.074141,-0.510386
7.976701,-20.202662,-0.511318
8.039748,-20.334146,-0.510603
8.102328,-20.454067,-0.511254
8.164618,-20.56809,-0.51279
8.202585,-20.674612,-0.50763
8.258917,-20.792431,-0.505058
8.335522,-20.924084,-0.517074
8.421742,-21.092987,-0.524402
8.467749,-21.20838,-0.52592
8.569914,-21.364107,-0.5346
8.623316,-21.479731,-0.532747
8.696219,-21.621916,-0.536227
8.77282,-21.769537,-0.540071
8.835346,-21.907084,-0.547859
8.900066,-22.04615,-0.558442
8.970703,-22.174639,-0.569924
9.03232,-22.311573,-0.575599
9.094763,-22.436293,-0.582612
9.157982,-22.552658,-0.590578
9.207352,-22.672096,-0.598061
9.262802,-22.793188,-0.607194
9.306442,-22.928869,-0.61479
9.311837,-22.974957,-0.616172
9.315362,-23.05411,-0.616327
9.292109,-23.181767,-0.621176
9.268406,-23.242842,-0.617469
9.255219,-23.365574,-0.623741
9.258202,-23.50197,-0.633707
9.261083,-23.646883,-0.642284
9.253227,-23.776339,-0.647723
9.258892,-23.907047,-0.650711
9.275114,-24.042152,-0.658229
9.279043,-24.174215,-0.667452
9.295854,-24.28985,-0.678059
9.318147,-24.417294,-0.687438
9.319274,-24.553583,-0.695431
9.340743,-24.680046,-0.700094
9.361611,-24.808119,-0.7015
9.367478,-24.921476,-0.703596
9.388446,-25.044466,-0.709589
9.420984,-25.164665,-0.709058
9.453826,-25.288292,-0.710421
9.478531,-25.404533,-0.711236
9.501727,-25.505705,-0.709086
9.551786,-25.607481,-0.705039
9.586626,-25.714632,-0.701615
9.62566,-25.835266,-0.700302
9.67658,-25.955549,-0.699817
9.711512,-26.065926,-0.700799
9.757622,-26.19342,-0.705473
9.79927,-26.310068,-0.7094
9.834867,-26.436964,-0.712808
9.880431,-26.558512,-0.714511
9.918365,-26.682247,-0.715476
9.963197,-26.81706,-0.71606
10.016315,-26.934406,-0.714397
10.041947,-27.079304,-0.716023
10.087077,-27.220278,-0.72586
10.134697,-27.355547,-0.729447
10.165692,-27.466318,-0.727834
10.198444,-27.608555,-0.733351
10.263778,-27.754904,-0.74973
10.275738,-27.885647,-0.746169
10.35127,-28.037378,-0.753259
10.351361,-28.175117,-0.760561
10.397506,-28.31551,-0.770588
10.433649,-28.450077,-0.776335
10.463356,-28.601368,-0.779642
10.497411,-28.728886,-0.77889
10.533166,-28.857988,-0.781283
10.567225,-28.997776,-0.784626
10.607993,-29.125854,-0.787977
10.65567,-29.253645,-0.792957
10.705376,-29.408512,-0.796497
10.743649,-29.548161,-0.804351
10.788364,-29.682076,-0.813953
10.8234,-29.81118,-0.821905
10.852475,-29.931185,-0.827453
10.881618,-30.050581,-0.832235
10.912853,-30.166666,-0.839599
10.951837,-30.290115,-0.846576
10.99343,-30.411354,-0.852009
11.032889,-30.539457,-0.856749
11.073031,-30.662277,-0.858972
11.115516,-30.785957,-0.85621
11.162309,-30.930548,-0.852126
11.20285,-31.048721,-0.845117
11.237048,-31.176987,-0.843132
11.281936,-31.309288,-0.842556
11.371874,-31.557751,-0.83036
11.421875,-31.692331,-0.827185
11.479934,-31.835089,-0.827329
11.553813,-31.96652,-0.826271
11.607106,-32.08379,-0.823249
11.674678,-32.208424,-0.827274
11.737341,-32.328598,-0.83146
11.804168,-32.441376,-0.830496
11.870626,-32.551991,-0.834847
11.929018,-32.65868,-0.834388
11.998034,-32.763569,-0.833536
12.056517,-32.865604,-0.836278
12.134219,-32.972679,-0.842066
12.300865,-33.155113,-0.843977
12.37089,-33.225834,-0.840957
12.453019,-33.301907,-0.844277
12.51999,-33.363319,-0.842964
12.601994,-33.432468,-0.837119
12.662989,-33.485706,-0.827042
12.741741,-33.540642,-0.821716
12.856121,-33.641563,-0.819959
12.965629,-33.725052,-0.812273
13.080536,-33.817959,-0.805354
13.221427,-33.907879,-0.798061
13.377162,-34.002357,-0.800107
13.488826,-34.102325,-0.801293
13.608752,-34.198547,-0.801516
13.714783,-34.28175,-0.802348
13.826749,-34.381702,-0.804057
13.960234,-34.487934,-0.805585
14.078422,-34.601421,-0.801298
14.194721,-34.702438,-0.804434
14.309684,-34.788277,-0.808487
14.422353,-34.876087,-0.806367
14.501292,-34.930325,-0.80383
14.593928,-34.996998,-0.815671
14.700109,-35.051712,-0.821348
14.788877,-35.111824,-0.817667
14.885179,-35.171249,-0.814334
14.964316,-35.210979,-0.80924
15.028474,-35.248749,-0.798403
15.033156,-35.258083,-0.790078
15.150028,-35.283878,-0.787231
15.26203,-35.364735,-0.784892
15.382339,-35.383698,-0.785941
15.492657,-35.428219,-0.79388
15.567212,-35.394855,-0.793705
15.572001,-35.380817,-0.785674
15.634459,-35.334076,-0.780739
15.690208,-35.247135,-0.785585
15.696197,-35.244087,-0.789011
15.63974,-35.306534,-0.792598
15.608377,-35.318207,-0.796958
15.597525,-35.26989,-0.804471
15.589909,-35.268635,-0.805981
15.571903,-35.275043,-0.803395
15.570488,-35.261326,-0.802984
15.555413,-35.253044,-0.800283
15.552838,-35.258381,-0.791819
15.550369,-35.263748,-0.791386
15.548306,-35.258659,-0.792763
15.544578,-35.255741,-0.792957
15.540023,-35.250767,-0.793871
15.536314,-35.246868,-0.794642
15.52965,-35.241055,-0.795839
15.527118,-35.238441,-0.796536
15.526942,-35.239098,-0.796359
15.527728,-35.23859,-0.797174
15.528428,-35.239086,-0.797194
15.529424,-35.239712,-0.79759
15.530416,-35.239735,-0.798574
15.530755,-35.239731,-0.799143
15.531264,-35.240215,-0.799514
15.532015,-35.240128,-0.799838
15.532411,-35.240578,-0.80004
15.533038,-35.240452,-0.800254
15.533083,-35.240726,-0.800507
15.533298,-35.240543,-0.800781
15.533059,-35.240814,-0.801045
15.533171,-35.240761,-0.801414
15.533317,-35.241165,-0.802245
15.533357,-35.241344,-0.802611
15.533193,-35.241074,-0.802879
15.533032,-35.241314,-0.80322
15.53306,-35.241364,-0.803444
15.533344,-35.241543,-0.803748
15.533589,-35.241734,-0.803997
15.534021,-35.241894,-0.804237
15.534233,-35.24192,-0.804516
15.534796,-35.242035,-0.804674
15.535337,-35.242268,-0.804868
15.535805,-35.242588,-0.804981
15.536199,-35.242897,-0.805122
15.536615,-35.243195,-0.805372
15.5366,-35.243206,-0.805372
15.536524,-35.243259,-0.805526
15.536557,-35.243309,-0.805497
15.53636,-35.243275,-0.805584
15.536386,-35.243313,-0.80572
15.536281,-35.243324,-0.805863
15.536081,-35.243267,-0.806007
15.535902,-35.243259,-0.806191
15.535905,-35.243351,-0.806282
15.53609,-35.243431,-0.806319
15.536194,-35.243393,-0.806394
15.536267,-35.243328,-0.806403
15.536173,-35.243317,-0.806422
15.536008,-35.243313,-0.80654
15.53612,-35.243282,-0.806483
15.536416,-35.243355,-0.80659
15.536551,-35.243233,-0.806559
15.536647,-35.243179,-0.806618
15.536652,-35.243046,-0.806665
15.536669,-35.242889,-0.806686
15.536749,-35.24276,-0.806657
15.536741,-35.242641,-0.806661
15.536572,-35.242554,-0.806674
15.536521,-35.2425,-0.806696
15.5365,-35.242462,-0.806711
15.536512,-35.242447,-0.806746
15.536702,-35.242451,-0.806753
15.536739,-35.242435,-0.806739
15.534813,-35.254055,-0.803437
15.567692,-35.260597,-0.796483
15.644582,-35.197094,-0.800845
15.704513,-35.133419,-0.802932
15.790969,-35.1059,-0.794618
15.875158,-35.080173,-0.789107
15.960324,-35.028606,-0.780352
16.0243,-34.979534,-0.767875
16.057402,-34.938877,-0.768215
16.099218,-34.855686,-0.759469
16.098352,-34.883663,-0.761413
16.092102,-34.877552,-0.769648
16.097904,-34.876694,-0.775308
16.107613,-34.871819,-0.77978
16.120541,-34.902306,-0.783885
16.140146,-34.936573,-0.785832
16.131342,-34.946785,-0.788173
16.141209,-34.938038,-0.789186
16.133938,-34.940254,-0.791033
16.132889,-34.937859,-0.79027
16.12854,-34.938087,-0.789472
16.127483,-34.936024,-0.788879
16.127172,-34.938126,-0.788653
16.126534,-34.93742,-0.788787
16.124987,-34.937519,-0.788362
16.125265,-34.937603,-0.788106
16.126978,-34.937946,-0.786749
16.126101,-34.936924,-0.786444
16.130896,-34.945824,-0.785188
16.134583,-34.969707,-0.78608
16.126429,-34.982876,-0.78662
16.136559,-35.01535,-0.787919
16.155914,-35.024532,-0.791848
16.161245,-35.02705,-0.793262
16.161135,-35.03825,-0.78876
16.202038,-35.046864,-0.784106
16.258291,-35.073471,-0.780614
16.349356,-35.100216,-0.782641
16.402727,-35.108162,-0.776399
16.407385,-35.110821,-0.777439
16.386213,-35.143166,-0.778093
16.377254,-35.155701,-0.778778
16.373207,-35.203823,-0.786516
16.364517,-35.235886,-0.800532
16.342342,-35.280804,-0.81003
16.309174,-35.303875,-0.812736
16.319344,-35.293713,-0.81331
16.329323,-35.298332,-0.807921
16.296566,-35.385132,-0.821858
16.275023,-35.423622,-0.818955
16.313168,-35.420616,-0.810074
16.276176,-35.486332,-0.815827
16.237513,-35.53109,-0.813978
16.251163,-35.583992,-0.813682
16.218739,-35.629936,-0.816929
16.198175,-35.684837,-0.811875
16.197845,-35.723053,-0.813546
16.168652,-35.795284,-0.808976
16.170277,-35.814819,-0.80671
16.141935,-35.868011,-0.812401
16.136354,-35.943356,-0.813872
16.121655,-36.002647,-0.815978
16.088041,-36.061993,-0.817367
16.049549,-36.107349,-0.819132
16.068642,-36.087471,-0.81985
16.095558,-36.086254,-0.814864
16.031616,-36.075958,-0.821786
16.000204,-36.101753,-0.824536
16.020473,-36.095795,-0.823783
16.004515,-36.083138,-0.825471
15.983143,-36.051186,-0.822722
15.958969,-36.054127,-0.830113
15.924372,-36.03186,-0.828679
15.909497,-36.035202,-0.828737
15.909507,-36.023754,-0.828695
15.884808,-35.999531,-0.833659
15.856718,-35.974567,-0.836921
15.840655,-35.964996,-0.840967
15.848554,-35.958435,-0.841177
15.831271,-35.946095,-0.842428
15.806911,-35.901657,-0.844137
15.794156,-35.824863,-0.845429
15.774663,-35.805164,-0.851904
15.774647,-35.808083,-0.846999
15.807397,-35.759113,-0.84875
15.81646,-35.769508,-0.845745
15.830773,-35.782207,-0.838373
15.845504,-35.735912,-0.836576
15.837315,-35.630257,-0.848188
15.86581,-35.584904,-0.847993
15.832809,-35.592094,-0.844893
15.865172,-35.58704,-0.843429
15.881536,-35.580696,-0.843764
15.908764,-35.584812,-0.845484
15.912266,-35.588478,-0.846935
15.932357,-35.591026,-0.847142
15.945065,-35.603363,-0.846251
15.958981,-35.602783,-0.846797
15.961967,-35.61478,-0.844062
15.951143,-35.630405,-0.838014
15.98465,-35.620144,-0.829254
16.060904,-35.570744,-0.836487
16.108967,-35.548824,-0.832719
16.160488,-35.542244,-0.835335
16.150879,-35.539257,-0.837813
16.127769,-35.535282,-0.837614
16.139675,-35.535652,-0.837786
16.133886,-35.533619,-0.836779
16.137091,-35.533283,-0.836716
16.133551,-35.532772,-0.835353
16.133894,-35.531448,-0.833118
16.132603,-35.531208,-0.83379
16.135399,-35.530998,-0.832447
16.132362,-35.530746,-0.831515
16.13184,-35.530682,-0.831063
16.131815,-35.530884,-0.830814
16.13092,-35.53059,-0.830918
16.131706,-35.531853,-0.831111
16.132147,-35.531639,-0.831436
16.132748,-35.530895,-0.831853
16.133867,-35.529827,-0.832729
16.134872,-35.528828,-0.833745
16.136292,-35.527889,-0.834556
16.137293,-35.52673,-0.835481
16.138271,-35.525719,-0.836299
16.13938,-35.524757,-0.837294
16.14007,-35.524078,-0.838022
16.14081,-35.523388,-0.838675
16.14139,-35.522675,-0.839161
16.141813,-35.522293,-0.839561
16.142246,-35.521942,-0.839938
16.142559,-35.521412,-0.840301
16.142817,-35.520966,-0.840658
16.143167,-35.520622,-0.841
16.143444,-35.520351,-0.841211
16.143671,-35.519958,-0.841339
16.143885,-35.519653,-0.841618
16.144039,-35.51947,-0.841843
16.144224,-35.519318,-0.842049
16.144375,-35.519039,-0.842254
16.14452,-35.518795,-0.842418
16.14476,-35.518654,-0.842554
16.144938,-35.518623,-0.842673
16.145065,-35.518543,-0.842788
16.145138,-35.518379,-0.842911
16.145277,-35.518326,-0.842992
16.145401,-35.51844,-0.843055
16.145514,-35.518505,-0.843094
16.145512,-35.518501,-0.843144
16.145567,-35.518581,-0.843135
16.14566,-35.518703,-0.84312
16.145742,-35.518772,-0.843104
16.145744,-35.518673,-0.843118
16.145712,-35.518486,-0.843216
16.1457,-35.518314,-0.843259
16.14576,-35.518215,-0.84334
16.145756,-35.518078,-0.843417
16.145756,-35.518055,-0.843431
16.145792,-35.518051,-0.843461
16.145817,-35.518063,-0.843437
16.145868,-35.518105,-0.843415
16.145891,-35.518112,-0.843401
16.145922,-35.518158,-0.843454
16.145983,-35.518211,-0.843518
16.146036,-35.518269,-0.843538
16.146055,-35.51828,-0.843601
16.146042,-35.518227,-0.84366
16.146101,-35.5182,-0.843692
16.146179,-35.518211,-0.843705
16.146267,-35.518261,-0.843728
16.146366,-35.518269,-0.843713
16.146421,-35.518291,-0.843737
16.146364,-35.518288,-0.843751
16.146378,-35.518322,-0.843769
16.146418,-35.51828,-0.843737
16.146435,-35.518299,-0.84375
16.146446,-35.51836,-0.843792
16.146482,-35.518425,-0.843814
16.14653,-35.518414,-0.843767
16.146631,-35.518406,-0.843743
16.146646,-35.518467,-0.843806
16.146612,-35.518589,-0.843873
16.146606,-35.518703,-0.843887
16.146633,-35.518726,-0.843853
16.146727,-35.518818,-0.843792
16.146774,-35.518894,-0.84377
16.146658,-35.518898,-0.843931
16.146732,-35.519009,-0.843895
16.146723,-35.519028,-0.843892
16.146727,-35.519047,-0.843859
16.146746,-35.519119,-0.843796
16.146807,-35.51923,-0.843735
16.146805,-35.519276,-0.843892
16.146832,-35.519356,-0.843897
16.146832,-35.519333,-0.843856
16.146877,-35.519333,-0.84383
16.14691,-35.519321,-0.843872
16.146923,-35.519344,-0.843905
16.146946,-35.519421,-0.843945
16.146946,-35.519379,-0.843912
16.146969,-35.519352,-0.843923
16.146999,-35.519459,-0.844032
16.147039,-35.519501,-0.844057
16.147034,-35.519501,-0.844058
16.14703,-35.519482,-0.844055
16.147009,-35.519447,-0.844054
16.147007,-35.519474,-0.844051
16.146959,-35.51944,-0.844044
16.147493,-35.518478,-0.843715
16.150717,-35.513607,-0.84005
16.169893,-35.496895,-0.836437
16.203054,-35.480099,-0.832634
16.232845,-35.477844,-0.83328
16.281654,-35.465931,-0.829123
16.29553,-35.451958,-0.825394
16.324516,-35.442146,-0.820242
16.420959,-35.42091,-0.820184
16.540422,-35.395321,-0.810099
16.632393,-35.388718,-0.817986
16.744692,-35.364529,-0.807781
16.813702,-35.38884,-0.806119
16.918156,-35.347828,-0.803026
17.015638,-35.336227,-0.796627
17.133247,-35.349598,-0.799058
17.275909,-35.33194,-0.806065
17.380898,-35.323399,-0.803294
17.467379,-35.322765,-0.811327
17.493383,-35.309792,-0.812545
17.493179,-35.323902,-0.810273
17.49403,-35.255924,-0.811792
17.4813,-35.236317,-0.818833
17.463772,-35.319561,-0.818026
17.409262,-35.329094,-0.813214
17.399296,-35.350689,-0.815764
17.399181,-35.304153,-0.809012
17.471907,-35.216061,-0.795718
17.606142,-35.003567,-0.793868
17.795948,-34.871372,-0.781534
17.954378,-34.845421,-0.788113
18.067709,-34.825195,-0.805476
18.130852,-34.816013,-0.821009
18.149252,-34.810127,-0.830369
18.121922,-34.810093,-0.833533
18.037485,-34.810776,-0.839269
17.906981,-34.802864,-0.839173
17.852495,-34.736683,-0.851388
17.85803,-34.672031,-0.878666
17.863321,-34.645287,-0.906878
17.8629,-34.624413,-0.928334
17.861208,-34.605137,-0.948693
17.854164,-34.580246,-0.968345
17.8531,-34.546711,-0.988384
17.851313,-34.514194,-1.00955
17.851917,-34.482948,-1.031056
17.850304,-34.453823,-1.05293
17.851938,-34.417007,-1.074943
17.855049,-34.378635,-1.097123
17.837797,-34.627728,-0.957657
17.83633,-34.695038,-0.901298
17.838234,-34.703018,-0.901066
17.839848,-34.722019,-0.881413
17.845694,-34.734314,-0.859104
17.849773,-34.747906,-0.841598
17.851679,-34.756989,-0.824859
17.854017,-34.762936,-0.817495
17.853403,-34.766201,-0.814273
17.853775,-34.769146,-0.812406
17.854137,-34.773983,-0.811259
17.853947,-34.775188,-0.810623
17.854311,-34.776234,-0.810199
17.854836,-34.778152,-0.809889
17.854599,-34.777748,-0.809193
17.854439,-34.778454,-0.808857
17.854704,-34.779194,-0.808577
17.854343,-34.778664,-0.808275
17.854504,-34.779152,-0.807729
17.854252,-34.779091,-0.807658
17.85417,-34.778946,-0.807448
17.854015,-34.779362,-0.807217
17.853781,-34.779163,-0.807126
17.853733,-34.779285,-0.807045
17.853806,-34.779381,-0.80699
17.853912,-34.779236,-0.806974
17.854013,-34.779423,-0.806918
17.853979,-34.779373,-0.806839
17.854082,-34.779552,-0.806622
17.853991,-34.779331,-0.806623
17.85413,-34.779339,-0.806591
17.854294,-34.779415,-0.806837
17.854334,-34.779385,-0.806767
17.854446,-34.779537,-0.8067
17.854448,-34.77951,-0.806765
17.854471,-34.779491,-0.806765
17.854485,-34.779491,-0.806727
17.854475,-34.779488,-0.806638
17.854498,-34.779621,-0.806569
17.85438,-34.779575,-0.806535
17.854343,-34.779545,-0.80647
17.854275,-34.779476,-0.806442
17.854176,-34.77943,-0.806267
17.854078,-34.779427,-0.806168
17.854019,-34.779408,-0.806071
17.854042,-34.779434,-0.805987
17.854019,-34.77943,-0.805845
17.853943,-34.779423,-0.805733
17.853884,-34.779415,-0.805653
17.853809,-34.779385,-0.805561
17.853733,-34.779358,-0.805517
17.853662,-34.779301,-0.805525
17.853621,-34.77932,-0.805491
17.853558,-34.779316,-0.805394
17.85355,-34.779308,-0.805316
17.853573,-34.779324,-0.80514
17.853617,-34.779327,-0.805101
17.853773,-34.779343,-0.805561
17.85372,-34.779354,-0.805511
17.853691,-34.779369,-0.805485
17.853716,-34.779388,-0.805431
17.853724,-34.779415,-0.805386
17.853687,-34.779453,-0.805331
17.853651,-34.779461,-0.805266
17.853659,-34.779419,-0.805225
17.853678,-34.779396,-0.805204
17.853712,-34.779396,-0.805233
17.853743,-34.779423,-0.805215
17.853737,-34.779438,-0.805181
17.853724,-34.779453,-0.805136
17.853756,-34.779449,-0.805092
17.853718,-34.779457,-0.80504
17.853682,-34.779396,-0.80504
17.853636,-34.779392,-0.805001
17.853582,-34.779419,-0.804965
17.853571,-34.779434,-0.804894
17.853642,-34.779415,-0.804981
17.85364,-34.779408,-0.804971
17.853613,-34.779411,-0.804931
17.853609,-34.779388,-0.80488
17.853617,-34.779346,-0.804804
17.853643,-34.779312,-0.804767
17.85367,-34.779343,-0.8048
17.853672,-34.779316,-0.804713
17.853661,-34.779301,-0.804635
17.853653,-34.779331,-0.804617
17.853664,-34.779358,-0.804605
17.853661,-34.779385,-0.804572
17.853662,-34.779411,-0.804554
17.853678,-34.779415,-0.804539
17.853712,-34.779392,-0.804508
17.853722,-34.779346,-0.804494
17.853729,-34.779324,-0.804483
17.853735,-34.779335,-0.804491
17.853767,-34.779381,-0.804497
17.85383,-34.779419,-0.804517
17.853909,-34.779476,-0.804512
17.853909,-34.779476,-0.804493
17.853903,-34.779476,-0.804464
17.853893,-34.779488,-0.80445
17.853895,-34.779461,-0.804484
17.853882,-34.779427,-0.804487
17.853912,-34.779434,-0.804478
17.853865,-34.77943,-0.804449
17.853867,-34.779427,-0.804423
17.853825,-34.779392,-0.804392
17.853807,-34.779362,-0.804341
17.853931,-34.779423,-0.804306
17.853966,-34.779415,-0.804246
17.854025,-34.779427,-0.804186
17.854141,-34.779446,-0.804209
17.854277,-34.779541,-0.804251
17.85433,-34.779579,-0.804237
17.853746,-34.779469,-0.804163
17.854675,-34.77882,-0.804187
17.852791,-34.776127,-0.803891
17.847744,-34.768223,-0.802321
17.839529,-34.767136,-0.798613
17.828783,-34.773022,-0.789595
17.818699,-34.779484,-0.776146
17.807243,-34.783157,-0.765307
17.79768,-34.785389,-0.759326
17.791513,-34.791954,-0.754705
17.786289,-34.802433,-0.75196
17.785023,-34.817982,-0.751863
17.787783,-34.831188,-0.753001
17.78422,-34.837116,-0.752112
17.78351,-34.839134,-0.751651
17.785341,-34.842674,-0.748227
17.77998,-34.843754,-0.743659
17.77161,-34.837372,-0.749409
17.770973,-34.834114,-0.759035
17.776361,-34.832775,-0.771908
17.778957,-34.827358,-0.784534
17.778097,-34.824066,-0.789847
17.779427,-34.825066,-0.790517
17.779118,-34.82172,-0.78931
17.783115,-34.817886,-0.78828
17.784847,-34.812679,-0.791419
17.781382,-34.809826,-0.798273
17.785698,-34.810825,-0.799069
17.787489,-34.810722,-0.797526
17.791824,-34.803516,-0.801699
17.809687,-34.786602,-0.813384
17.822855,-34.784592,-0.815009
17.821383,-34.784153,-0.81529
17.824423,-34.784389,-0.814866
17.827984,-34.778618,-0.815594
17.82535,-34.783115,-0.813067
17.821482,-34.793781,-0.80523
17.815403,-34.800999,-0.798836
17.813833,-34.797836,-0.798845
17.816858,-34.787071,-0.8027
17.820585,-34.787437,-0.798631
17.820217,-34.784092,-0.800239
17.824841,-34.785221,-0.799688
17.825348,-34.780857,-0.80173
17.817501,-34.77285,-0.80454
17.815651,-34.774014,-0.804418
17.816511,-34.773369,-0.805774
17.819704,-34.776615,-0.805845
17.824514,-34.776615,-0.805717
17.820215,-34.767387,-0.808314
17.829693,-34.765892,-0.808434
17.833517,-34.766865,-0.808817
17.828953,-34.766468,-0.809082
17.832386,-34.780647,-0.807561
17.864506,-34.768478,-0.811585
17.85462,-34.771492,-0.802688
17.850046,-34.772846,-0.795612
17.853407,-34.769066,-0.789832
17.846798,-34.773094,-0.7836
17.849812,-34.770905,-0.780006
17.845442,-34.770489,-0.776206
17.844511,-34.770138,-0.774266
17.841505,-34.769913,-0.77302
17.841347,-34.771717,-0.783256
17.841501,-34.77404,-0.788684
17.847273,-34.774456,-0.794324
17.842995,-34.775043,-0.798759
17.844246,-34.776398,-0.805909
17.831486,-34.775669,-0.80727
17.819592,-34.763763,-0.81157
17.824411,-34.765793,-0.811486
17.824799,-34.764774,-0.810825
17.825617,-34.767937,-0.810533
17.830175,-34.764614,-0.811498
17.827717,-34.767147,-0.811695
17.829956,-34.766293,-0.812192
17.828207,-34.766655,-0.811767
17.830519,-34.766586,-0.812611
17.827688,-34.766682,-0.81234
17.829111,-34.766384,-0.813373
17.829317,-34.767029,-0.81377
17.83024,-34.766582,-0.813851
17.82976,-34.766602,-0.813806
17.830395,-34.76646,-0.813994
17.830198,-34.76656,-0.814151
17.830481,-34.766617,-0.814492
17.830301,-34.766762,-0.814488
17.830368,-34.766552,-0.814331
17.83346,-34.766674,-0.813214
17.84009,-34.772343,-0.814248
17.785175,-34.805565,-0.813369
17.766712,-34.815163,-0.811387
17.794743,-34.805466,-0.81348
17.803144,-34.803722,-0.813995
17.782436,-34.808098,-0.81239
17.785263,-34.804031,-0.808365
17.831938,-34.774731,-0.800612
17.943449,-34.704117,-0.807533
17.98045,-34.684803,-0.805275
17.94375,-34.706364,-0.808656
17.92202,-34.705189,-0.809953
17.942856,-34.700577,-0.81175
17.931391,-34.70298,-0.81136
17.938103,-34.7015,-0.811846
17.935818,-34.703178,-0.811982
17.936163,-34.701778,-0.813074
17.936434,-34.703133,-0.809694
17.935814,-34.703945,-0.809512
17.935341,-34.704063,-0.810191
17.934978,-34.703674,-0.810296
17.934914,-34.703445,-0.810489
17.934502,-34.70385,-0.810166
17.934866,-34.703838,-0.8101
17.934681,-34.704041,-0.810117
17.934839,-34.70433,-0.81022
17.934723,-34.704403,-0.810212
17.934534,-34.704689,-0.810277
17.934805,-34.704689,-0.810288
17.934052,-34.704823,-0.810031
17.934105,-34.704834,-0.809826
17.933697,-34.704601,-0.809704
17.933449,-34.704712,-0.809555
17.93331,-34.704838,-0.809492
17.932882,-34.705044,-0.8094
17.932814,-34.704918,-0.809393
17.93251,-34.705055,-0.80935
17.932463,-34.70507,-0.809365
17.932215,-34.705215,-0.809361
17.932011,-34.705296,-0.809359
17.931768,-34.705292,-0.809284
17.931538,-34.705288,-0.809237
17.931412,-34.705307,-0.809196
17.93132,-34.705376,-0.809085
17.931238,-34.70536,-0.809019
17.931009,-34.705406,-0.80897
17.930841,-34.705448,-0.80893
17.930691,-34.705608,-0.808857
17.930531,-34.7057,-0.808788
17.930414,-34.70575,-0.808716
17.930273,-34.705814,-0.808596
17.930117,-34.705872,-0.808492
17.92993,-34.705925,-0.808383
17.929756,-34.705978,-0.808271
17.929619,-34.706024,-0.808204
17.929508,-34.706047,-0.808187
17.929369,-34.706108,-0.80813
17.929169,-34.706211,-0.808067
17.92894,-34.706326,-0.807974
17.928715,-34.706486,-0.807896
17.928711,-34.706303,-0.807767
17.928623,-34.706268,-0.807689
17.928635,-34.706215,-0.807672
17.928659,-34.706161,-0.807617
17.928473,-34.706211,-0.807534
17.92828,-34.706326,-0.80752
17.928125,-34.706375,-0.80751
17.928003,-34.706436,-0.80747
17.927961,-34.706482,-0.807482
17.927841,-34.70652,-0.807415
17.92765,-34.706608,-0.807328
17.926659,-34.709404,-0.804713
17.944506,-34.694233,-0.802904
17.961388,-34.677883,-0.801228
17.983055,-34.653732,-0.799536
18.024321,-34.610058,-0.799797
18.055519,-34.599602,-0.799394
18.081802,-34.553959,-0.798195
18.148006,-34.506409,-0.802
18.201078,-34.477894,-0.799042
18.213516,-34.438908,-0.799505
18.269253,-34.412895,-0.796075
18.310122,-34.395306,-0.796538
18.3589,-34.339737,-0.792556
18.436344,-34.290825,-0.795887
18.518076,-34.239449,-0.797207
18.580635,-34.199245,-0.798071
18.58296,-34.187893,-0.797865
18.572836,-34.203213,-0.798387
18.576368,-34.19524,-0.797729
18.576685,-34.196037,-0.795231
18.57756,-34.193996,-0.795835
18.578608,-34.19384,-0.795313
18.578865,-34.195148,-0.794712
18.578623,-34.195244,-0.793713
18.578362,-34.19685,-0.791797
18.578703,-34.197121,-0.79212
18.571095,-34.192924,-0.791193
18.559145,-34.199238,-0.791263
18.556705,-34.199982,-0.791726
18.556883,-34.197014,-0.792267
18.556007,-34.197662,-0.792311
18.556774,-34.19828,-0.79263
18.556335,-34.198364,-0.792859
18.556051,-34.197224,-0.792897
18.555948,-34.198273,-0.792945
18.556282,-34.199432,-0.792288
18.555727,-34.19894,-0.792757
18.555122,-34.198547,-0.792687
18.555367,-34.199467,-0.792594
18.555164,-34.199684,-0.792424
18.554859,-34.199131,-0.792343
18.55485,-34.198944,-0.792397
18.55513,-34.199635,-0.792145
18.555084,-34.199657,-0.791943
18.55493,-34.199257,-0.791878
18.554834,-34.199257,-0.791757
18.554741,-34.199348,-0.791641
18.554869,-34.199505,-0.791615
18.554636,-34.19923,-0.791598
18.5546,-34.199345,-0.791677
18.554756,-34.199677,-0.791842
18.554586,-34.199787,-0.791612
18.554388,-34.199596,-0.791589
18.554312,-34.199738,-0.791537
18.554281,-34.199902,-0.791552
18.55431,-34.200031,-0.791579
18.55419,-34.199867,-0.791547
18.554132,-34.199856,-0.791542
18.554028,-34.199879,-0.791383
18.553991,-34.19965,-0.791348
18.553926,-34.1996,-0.791239
18.553963,-34.199657,-0.791041
18.553015,-34.200275,-0.79086
18.55443,-34.195724,-0.785614
18.619579,-34.165787,-0.787352
18.672398,-34.135529,-0.78577
18.699533,-34.106674,-0.784591
18.734543,-34.111275,-0.783038
18.793629,-34.078163,-0.785387
18.822222,-34.055069,-0.782667
18.879025,-34.041218,-0.782522
18.919411,-34.018433,-0.778959
18.945444,-34.00016,-0.775916
19.007643,-33.967442,-0.775818
19.052902,-33.95636,-0.774889
19.100273,-33.92347,-0.772344
19.156057,-33.900261,-0.770297
19.221033,-33.888618,-0.765972
19.259851,-33.846863,-0.763856
19.316338,-33.841122,-0.764107
19.364119,-33.819649,-0.764264
19.414322,-33.790958,-0.764158
19.462431,-33.775002,-0.75971
19.505144,-33.771996,-0.754289
19.569838,-33.740021,-0.754127
19.628799,-33.745453,-0.753857
19.610903,-33.76572,-0.755771
19.629114,-33.795307,-0.756704
19.648174,-33.836056,-0.758869
19.647144,-33.826309,-0.759435
19.635487,-33.837177,-0.758443
19.626371,-33.866768,-0.758369
19.617868,-33.895321,-0.760643
19.603018,-33.897724,-0.760691
19.596781,-33.88694,-0.758345
19.582949,-33.899311,-0.758434
19.565475,-33.92234,-0.76447
19.567873,-33.927696,-0.770768
19.542229,-33.94677,-0.781014
19.5247,-33.958851,-0.788209
19.525103,-33.954327,-0.789359
19.49048,-33.952942,-0.785862
19.463755,-34.024281,-0.796892
19.45447,-34.100746,-0.805999
19.419725,-34.143066,-0.810468
19.392576,-34.198105,-0.810438
19.331118,-34.239391,-0.813385
19.29067,-34.246658,-0.810999
19.303268,-34.240372,-0.801961
19.314653,-34.241119,-0.797295
19.31012,-34.23822,-0.800071
19.318636,-34.225018,-0.796287
19.329695,-34.234623,-0.796206
19.330126,-34.228149,-0.792749
19.32081,-34.22966,-0.79205
19.245451,-34.225998,-0.796121
19.146139,-34.216076,-0.80239
19.151049,-34.226578,-0.799678
19.162052,-34.238892,-0.79515
19.160906,-34.192986,-0.795017
19.164892,-34.183441,-0.79286
19.15984,-34.159985,-0.794579
19.157522,-34.166748,-0.799176
19.164602,-34.151333,-0.801012
19.169981,-34.138252,-0.79776
19.184256,-34.130653,-0.796107
19.210487,-34.140427,-0.793956
19.264875,-34.138859,-0.795851
19.279348,-34.152767,-0.79628
19.300858,-34.146137,-0.794997
19.289988,-34.124493,-0.794699
19.295773,-34.126488,-0.790975
19.328606,-34.128323,-0.788518
19.363848,-34.154419,-0.786646
19.350412,-34.160706,-0.786242
19.366413,-34.16507,-0.787218
19.385174,-34.175236,-0.787084
19.398775,-34.176632,-0.786702
19.43915,-34.191074,-0.784267
19.445587,-34.207832,-0.782307
19.442118,-34.206097,-0.77946
19.500443,-34.186142,-0.776957
19.565233,-34.194172,-0.777102
19.61569,-34.177032,-0.776662
19.668493,-34.185402,-0.777184
19.668772,-34.181992,-0.777688
19.676882,-34.201607,-0.777804
19.700466,-34.229259,-0.782151
19.718061,-34.242027,-0.785953
19.723696,-34.267384,-0.788781
19.725225,-34.286945,-0.789567
19.725925,-34.31081,-0.787713
19.726585,-34.318436,-0.789158
19.709356,-34.348007,-0.779432
19.776505,-34.392727,-0.780566
19.791523,-34.460506,-0.781843
19.784307,-34.459641,-0.779885
19.775097,-34.474281,-0.780073
19.753412,-34.498795,-0.787692
19.738337,-34.491753,-0.791015
19.751047,-34.486549,-0.791103
19.726274,-34.514198,-0.800854
19.739805,-34.530796,-0.804004
19.734976,-34.51395,-0.803124
19.737658,-34.547081,-0.801501
19.712214,-34.613239,-0.807127
19.723391,-34.643715,-0.799083
19.721338,-34.656174,-0.798153
19.674616,-34.663342,-0.791281
19.697447,-34.698593,-0.789613
19.681025,-34.768127,-0.785155
19.674101,-34.810795,-0.790624
19.659721,-34.870827,-0.784687
19.638605,-34.956806,-0.784223
19.642733,-35.066574,-0.789876
19.617208,-35.132988,-0.793649
19.55831,-35.214146,-0.809984
19.418575,-35.318184,-0.835259
19.380478,-35.400734,-0.847899
19.388273,-35.40868,-0.847088
19.340105,-35.426453,-0.853023
19.350983,-35.50428,-0.861501
19.311428,-35.551315,-0.868631
19.258745,-35.609234,-0.868647
19.225483,-35.6632,-0.871728
19.16869,-35.688545,-0.873052
19.169191,-35.690952,-0.873162
19.155565,-35.703617,-0.871593
19.156109,-35.691994,-0.865524
19.181347,-35.696743,-0.862462
19.15922,-35.698368,-0.858812
19.154076,-35.703411,-0.853894
19.17314,-35.704288,-0.845737
19.162642,-35.699745,-0.844142
19.16988,-35.722897,-0.841725
19.177393,-35.710552,-0.841455
19.18664,-35.727886,-0.837479
19.138594,-35.749851,-0.838419
19.090878,-35.77486,-0.848627
19.095919,-35.771507,-0.85003
19.076475,-35.774319,-0.850794
19.047394,-35.772598,-0.854935
19.061045,-35.767822,-0.855023
19.078154,-35.746799,-0.855601
19.085674,-35.72031,-0.854566
19.083965,-35.683395,-0.857861
19.073215,-35.667297,-0.86088
19.087852,-35.637764,-0.860483
19.093863,-35.629623,-0.85882
19.101654,-35.623108,-0.857832
19.12278,-35.643215,-0.856452
19.122538,-35.651649,-0.856325
19.101736,-35.621704,-0.861814
19.113384,-35.57655,-0.864022
19.124855,-35.59745,-0.860463
19.127876,-35.642212,-0.852346
19.114729,-35.641762,-0.853211
19.151892,-35.590523,-0.862794
19.216444,-35.564762,-0.865856
19.227776,-35.590366,-0.868042
19.198206,-35.591061,-0.862431
19.215599,-35.58223,-0.859519
19.255634,-35.575863,-0.859025
19.282549,-35.611485,-0.861152
19.267675,-35.616192,-0.858048
19.2971,-35.649567,-0.854608
19.285591,-35.652382,-0.849044
19.28109,-35.661301,-0.849831
19.2978,-35.660133,-0.846218
19.362738,-35.673386,-0.850174
19.461975,-35.660896,-0.857409
19.491343,-35.665279,-0.853451
19.480818,-35.63652,-0.8507
19.490175,-35.664963,-0.856293
19.495705,-35.662186,-0.855847
19.484047,-35.655975,-0.854197
19.488199,-35.662022,-0.857586
19.48595,-35.657951,-0.858172
19.483616,-35.661671,-0.858255
19.483507,-35.659458,-0.858438
19.481937,-35.659233,-0.858397
19.481394,-35.658924,-0.85792
19.479719,-35.659084,-0.85718
19.479725,-35.659393,-0.857166
19.478584,-35.660175,-0.857094
19.477686,-35.661285,-0.856425
19.478363,-35.660049,-0.85714
19.478098,-35.66164,-0.856861
19.477884,-35.661648,-0.856394
19.477528,-35.661991,-0.856068
19.477882,-35.66214,-0.855711
19.477346,-35.662762,-0.855358
19.477846,-35.662899,-0.855751
19.477211,-35.662056,-0.856387
19.477711,-35.662487,-0.856439
19.47751,-35.662746,-0.856703
19.477274,-35.662758,-0.856631
19.476851,-35.662842,-0.856525
19.476723,-35.662807,-0.856599
19.476688,-35.662884,-0.856462
19.476618,-35.662918,-0.856371
19.476654,-35.662899,-0.856387
19.47644,-35.662262,-0.856727
19.467985,-35.660297,-0.850991
19.438124,-35.703003,-0.851899
19.447557,-35.794067,-0.853357
19.447327,-35.84906,-0.862275
19.476551,-35.866737,-0.85789
19.427877,-35.895752,-0.856328
19.395597,-35.920891,-0.850714
19.31653,-35.886265,-0.84374
19.283205,-35.875744,-0.84539
19.254419,-35.81963,-0.845306
19.276192,-35.836918,-0.846801
19.287903,-35.837826,-0.844679
19.299822,-35.829742,-0.839043
19.314142,-35.833038,-0.834311
19.319788,-35.834766,-0.832008
19.320883,-35.839222,-0.830848
19.323887,-35.839508,-0.830037
19.370155,-35.822823,-0.815839
19.389534,-35.818962,-0.802409
19.319452,-35.831837,-0.794832
19.200972,-35.836044,-0.795949
19.240429,-35.917671,-0.796966
19.252045,-36.041557,-0.791503
19.214443,-36.151764,-0.769753
19.084173,-36.222649,-0.745478
18.882822,-36.303516,-0.786967
18.703426,-36.382362,-0.80151
18.602013,-36.431282,-0.82279
18.544025,-36.496979,-0.854989
18.52227,-36.572456,-0.900805
18.49762,-36.62545,-0.955092
18.445663,-36.66053,-1.020888
18.392235,-36.721302,-1.121018
18.340967,-36.790955,-1.280015
18.314186,-36.838684,-1.528261
18.371168,-36.817616,-1.860764
18.503174,-36.755775,-2.227764
18.599701,-36.667965,-2.644374
18.694048,-36.634541,-3.054169
18.813025,-36.551514,-3.536788
18.887571,-36.473938,-4.024569
18.951488,-36.419838,-4.499978
19.008087,-36.375862,-4.980064
19.056389,-36.34235,-5.461955
19.096146,-36.319908,-5.944752
19.127388,-36.308483,-6.42872
19.150141,-36.308022,-6.91391
19.164337,-36.318539,-7.400267
19.170109,-36.339924,-7.887784
19.167448,-36.372257,-8.376489
19.158522,-36.407372,-8.784639
19.140259,-36.459774,-9.275503
19.113132,-36.523327,-9.767541
19.077728,-36.597759,-10.260756
19.034075,-36.683018,-10.755148
18.981606,-36.779594,-11.250707
18.920948,-36.887272,-11.747462
18.852301,-37.005516,-12.245213
18.776327,-37.136547,-12.744155
18.69087,-37.279274,-13.244267
18.59486,-37.432781,-13.745562
18.489298,-37.603092,-14.24801
18.375723,-37.786018,-14.751627
18.252268,-37.977955,-15.256559
18.119228,-38.184128,-15.762592
17.979189,-38.410458,-16.269396
17.837805,-38.665321,-16.776903
17.691172,-38.944992,-17.285355
17.542189,-39.233646,-17.795521
17.355682,-39.558975,-18.306309
17.196507,-39.888851,-18.818932
19.258028,-36.805038,-13.638477
20.045553,-35.61953,-10.316794
20.084562,-35.557468,-9.152553
20.094612,-35.537537,-8.608341
20.093105,-35.528923,-8.323886
20.084848,-35.528099,-8.166171
20.064365,-35.53093,-8.076776
20.047022,-35.534714,-8.024773
20.034737,-35.538803,-7.998633
20.025543,-35.541714,-7.986623
20.018587,-35.543468,-7.981398
20.013378,-35.54393,-7.979527
20.009369,-35.544033,-7.979231
20.006435,-35.54467,-7.979742
20.004337,-35.546192,-7.980517
20.004196,-35.545979,-7.981987
20.004622,-35.544403,-7.983885
20.005159,-35.543072,-7.985868
20.005342,-35.541176,-7.988114
20.005722,-35.539261,-7.990418
20.006477,-35.536846,-7.993094
20.005951,-35.535717,-7.994995
20.005949,-35.534164,-7.997428
20.006142,-35.532524,-8.000044
20.005987,-35.531143,-8.002619
20.008224,-35.529236,-8.004722
20.009745,-35.527763,-8.007232
20.010746,-35.526917,-8.008194
20.01022,-35.526558,-8.010197
20.009218,-35.526772,-8.012053
20.009354,-35.52676,-8.014065
20.011112,-35.524849,-8.01406
20.012573,-35.522263,-8.014224
20.012135,-35.522079,-8.017118
20.012218,-35.521339,-8.018815
20.012093,-35.521595,-8.020537
20.012419,-35.521191,-8.021152
20.012363,-35.520756,-8.022098
20.013229,-35.519852,-8.021359
20.013182,-35.518871,-8.019854
20.013027,-35.518394,-8.021486
20.012508,-35.518116,-8.023221
20.012478,-35.518032,-8.025033
20.012445,-35.517963,-8.026882
20.011757,-35.517235,-8.028187
20.012747,-35.516693,-8.027713
20.012405,-35.51656,-8.029196
20.012014,-35.516945,-8.030828
20.01185,-35.517643,-8.032383
20.011845,-35.518478,-8.033908
20.011826,-35.518978,-8.035488
20.012222,-35.518929,-8.037065
20.012896,-35.519287,-8.039112
20.012365,-35.519619,-8.040743
20.011953,-35.520851,-8.04221
20.012899,-35.520157,-8.044321
20.013512,-35.519951,-8.045576
20.013201,-35.520893,-8.047079
20.013628,-35.520992,-8.048638
20.014168,-35.520851,-8.048778
20.014143,-35.522102,-8.050082
20.013922,-35.521152,-8.05129
20.014507,-35.522289,-8.052768
20.013758,-35.52166,-8.05405
20.013145,-35.520874,-8.054178
20.013962,-35.520882,-8.053959
20.013218,-35.520805,-8.053664
20.012491,-35.521164,-8.053968
20.012735,-35.520733,-8.054935
20.01247,-35.521172,-8.056354
20.011364,-35.521286,-8.057687
20.01062,-35.521091,-8.059273
20.010214,-35.520798,-8.060874
20.010656,-35.52055,-8.062304
20.011183,-35.520229,-8.062952
20.012072,-35.519154,-8.062407
20.012774,-35.518715,-8.063232
20.01231,-35.51862,-8.062256
20.012724,-35.518593,-8.061578
20.013218,-35.519108,-8.061807
20.013412,-35.51881,-8.062404
20.013474,-35.517948,-8.062701
20.01335,-35.516926,-8.062648
20.014313,-35.51506,-8.058915
20.013136,-35.515785,-8.062268
20.013134,-35.516159,-8.064057
20.012432,-35.515533,-8.065905
20.011702,-35.515804,-8.067443
20.010981,-35.516216,-8.069087
20.010487,-35.517254,-8.069899
20.010967,-35.516815,-8.070292
20.010464,-35.517365,-8.070109
20.011385,-35.51609,-8.066544
20.011356,-35.517426,-8.068654
20.010746,-35.518005,-8.069757
20.01099,-35.517639,-8.069224
20.011057,-35.518486,-8.070381
20.010881,-35.51886,-8.071904
20.010683,-35.519154,-8.073243
20.010698,-35.518562,-8.072624
20.011215,-35.518108,-8.071934
20.011469,-35.518169,-8.072385
20.011265,-35.518459,-8.073346
20.010897,-35.518795,-8.073393
20.010798,-35.518993,-8.072796
20.010569,-35.519337,-8.072478
20.010115,-35.519566,-8.072709
20.010736,-35.519993,-8.073524
20.01075,-35.520164,-8.074756
20.010427,-35.520004,-8.076025
20.010466,-35.520241,-8.076719
20.010033,-35.52087,-8.076268
20.010059,-35.520702,-8.076157
20.010405,-35.52066,-8.076756
20.009315,-35.520943,-8.078662
20.009354,-35.520401,-8.078349
20.010426,-35.519161,-8.074594
20.009315,-35.520512,-8.077018
20.00948,-35.520977,-8.078115
20.009024,-35.521473,-8.079436
20.008968,-35.522385,-8.080282
20.008812,-35.522854,-8.081579
20.008169,-35.522564,-8.082734
20.007889,-35.523178,-8.083406
20.006916,-35.523785,-8.084029
20.006681,-35.523464,-8.084373
20.006897,-35.523693,-8.084659
20.006348,-35.524532,-8.085351
20.006327,-35.524872,-8.086486
20.006395,-35.524338,-8.087442
20.006439,-35.524002,-8.08751
20.006252,-35.524338,-8.08801
20.00605,-35.524883,-8.088887
20.005342,-35.525589,-8.089561
20.004768,-35.526302,-8.090321
20.004519,-35.526588,-8.090981
20.003998,-35.526279,-8.091346
20.00301,-35.525745,-8.091858
20.00305,-35.525711,-8.09254
20.002981,-35.526134,-8.093156
20.002863,-35.526112,-8.093749
20.002361,-35.525414,-8.094654
20.001637,-35.525349,-8.095497
20.001631,-35.525471,-8.094499
20.001757,-35.525536,-8.095536
20.00083,-35.525455,-8.096879
19.999718,-35.525238,-8.098125
19.999863,-35.525513,-8.097823
20.000002,-35.525509,-8.097488
19.999897,-35.525448,-8.097249
20.000013,-35.525406,-8.097947
20.00013,-35.52544,-8.098547
20.000578,-35.524582,-8.094915
20.00071,-35.525665,-8.097853
19.999693,-35.525299,-8.09945
19.999609,-35.525349,-8.100704
20.000273,-35.52573,-8.10072
20.000536,-35.52631,-8.102198
20.000957,-35.526958,-8.103758
20.000927,-35.526535,-8.103203
20.002335,-35.528278,-8.104316
20.002329,-35.528408,-8.105416
20.001802,-35.528236,-8.106327
20.001181,-35.52795,-8.106808
20.000687,-35.5275,-8.105938
20.000862,-35.527126,-8.104828
20.000708,-35.527164,-8.104751
19.999971,-35.526768,-8.10534
19.999275,-35.526714,-8.106197
19.999733,-35.527122,-8.106308
20.000525,-35.527363,-8.105791
20.000704,-35.526638,-8.106396
20.00071,-35.525635,-8.10659
20.000486,-35.525242,-8.10763
20.00038,-35.525021,-8.108594
20.000717,-35.525433,-8.108606
20.001101,-35.52623,-8.109468
20.001207,-35.526703,-8.109878
20.001562,-35.526974,-8.11024
20.001621,-35.527519,-8.110796
20.000624,-35.527336,-8.111329
19.99959,-35.527031,-8.112191
20.00054,-35.526272,-8.111002
20.001102,-35.526268,-8.111135
20.001469,-35.526638,-8.111966
20.002083,-35.52676,-8.112967
20.002085,-35.527065,-8.113821
20.001793,-35.527031,-8.114665
20.001345,-35.526955,-8.11385
20.001535,-35.527729,-8.113867
20.00091,-35.527653,-8.114658
20.001062,-35.527615,-8.11482
20.000843,-35.526997,-8.114412
19.999968,-35.527512,-8.114165
20.000502,-35.526871,-8.113184
20.001152,-35.52644,-8.112737
20.001169,-35.526131,-8.11273
20.000992,-35.526222,-8.113262
20.001196,-35.525974,-8.114185
20.001474,-35.525906,-8.112476
20.00168,-35.525608,-8.113026
20.001839,-35.525452,-8.114024
20.001825,-35.525463,-8.114035
20.002384,-35.525967,-8.114548
20.001919,-35.525558,-8.11447
20.001282,-35.525146,-8.114972
20.001577,-35.525097,-8.115367
20.002403,-35.524597,-8.114788
20.001242,-35.523289,-8.115232
20.000954,-35.523079,-8.115537
20.001225,-35.523022,-8.116794
20.001455,-35.523216,-8.116788
20.001394,-35.522259,-8.11754
20.002026,-35.521286,-8.114655
20.001392,-35.522697,-8.116495
20.002357,-35.523586,-8.117738
20.002405,-35.523632,-8.118514
20.001562,-35.523804,-8.118751
20.001648,-35.524429,-8.119177
20.00107,-35.525215,-8.120135
19.999945,-35.524971,-8.120802
19.999352,-35.524811,-8.119972
19.998739,-35.525589,-8.12018
